"Country Name","Country Code","Indicator Name","Indicator Code","1960","1961","1962","1963","1964","1965","1966","1967","1968","1969","1970","1971","1972","1973","1974","1975","1976","1977","1978","1979","1980","1981","1982","1983","1984","1985","1986","1987","1988","1989","1990","1991","1992","1993","1994","1995","1996","1997","1998","1999","2000","2001","2002","2003","2004","2005","2006","2007","2008","2009","2010","2011","2012","2013","2014","2015","2016","2017","2018","2019","2020","2021","2022","2023",
"Aruba","ABW","Central government debt, total (current LCU)","GC.DOD.TOTL.CN","","","","","","","","","","","","","","","","","","","","","","","","","","","","","","","","","","","","","","","","","","","","","","","","","","","","","","","","","","","","","","","","",
"Africa Eastern and Southern","AFE","Central government debt, total (current LCU)","GC.DOD.TOTL.CN","","","","","","","","","","","","","","","","","","","","","","","","","","","","","","","","","","","","","","","","","","","","","","","","","","","","","","","","","","","","","","","","",
"Afghanistan","AFG","Central government debt, total (current LCU)","GC.DOD.TOTL.CN","","","","","","","","","","","","","","","","","","","","","","","","","","","","","","","","","","","","","","","","","","","","","","","","","","","","","","","","","","","","","","","","",
"Africa Western and Central","AFW","Central government debt, total (current LCU)","GC.DOD.TOTL.CN","","","","","","","","","","","","","","","","","","","","","","","","","","","","","","","","","","","","","","","","","","","","","","","","","","","","","","","","","","","","","","","","",
"Angola","AGO","Central government debt, total (current LCU)","GC.DOD.TOTL.CN","","","","","","","","","","","","","","","","","","","","","","","","","","","","","","","","","","","","","","","","","","","","","","","","","","","","","","","","","","","","","","","","",
"Albania","ALB","Central government debt, total (current LCU)","GC.DOD.TOTL.CN","","","","","","","","","","","","","","","","","","","","","","","","","","","","","","","","","","","","","","","","","","","","","","","","","","","","876661040000","843835070000","943762000000","1018701200000","1138703040000","1183805890000","1183820732200","1211461498211.89","1275266880000","1371807500000","1524169708735.44","","",
"Andorra","AND","Central government debt, total (current LCU)","GC.DOD.TOTL.CN","","","","","","","","","","","","","","","","","","","","","","","","","","","","","","","","","","","","","","","","","","","","","","","","","","","","","","","","","","","","","","","","",
"Arab World","ARB","Central government debt, total (current LCU)","GC.DOD.TOTL.CN","","","","","","","","","","","","","","","","","","","","","","","","","","","","","","","","","","","","","","","","","","","","","","","","","","","","","","","","","","","","","","","","",
"United Arab Emirates","ARE","Central government debt, total (current LCU)","GC.DOD.TOTL.CN","","","","","","","","","","","","","","","","","","","","","","","","","","","","","","","","","","","","","","","","","","","","","","","","","","","","","","27126000000","","","","","","","","","","",
"Argentina","ARG","Central government debt, total (current LCU)","GC.DOD.TOTL.CN","","","","","","","","","","","","","","","","","","","","","","","","","","","","","","","","","","","","","","","","","","","","","","","","","","","","","","","","","","","","","","","","",
"Armenia","ARM","Central government debt, total (current LCU)","GC.DOD.TOTL.CN","","","","","","","","","","","","","","","","","","","","","","","","","","","","","","","","","","","","","","","","","","","","","","","","","","","","","","","","","","","","3273520556966.98","3919401297115.88","4200685256434.96","3957579639220.35","",
"American Samoa","ASM","Central government debt, total (current LCU)","GC.DOD.TOTL.CN","","","","","","","","","","","","","","","","","","","","","","","","","","","","","","","","","","","","","","","","","","","","","","","","","","","","","","","","","","","","","","","","",
"Antigua and Barbuda","ATG","Central government debt, total (current LCU)","GC.DOD.TOTL.CN","","","","","","","","","","","","","","","","","","","","","","","","","","","","","","","","","","","","","","","","","","","","","","","","","","","","","","","","","","","","","","","","",
"Australia","AUS","Central government debt, total (current LCU)","GC.DOD.TOTL.CN","","","","","","","","","","","","","","","","","","","","","","","","","","","","","","","49485000000","49502000000","59874000000","79401000000","94203000000","","","","","193171000000","195640000000","195903000000","195795000000","201369000000","197540000000","207355000000","214304000000","218847000000","214463000000","301089000000","373863000000","426921000000","591916000000","577399000000","667279000000","754945000000","906514000000","937119000000","1003971000000","1172794000000","1373720000000","1460303000000","1352679000000","",
"Austria","AUT","Central government debt, total (current LCU)","GC.DOD.TOTL.CN","","","","","","","","","","","","","","","","","","","","","","","","","","","","","","","","","","","","","","","","130898360000","138288370000","143751160000","153753400000","154863300000","161069010000","188792580000","188608970000","189574270000","211327200000","240031840000","253838690000","265769430000","288700890000","284058230000","319152700000","327345870000","338635550000","330229490000","324460470000","330108630000","380533860000","383515120000","335642100000","",
"Azerbaijan","AZE","Central government debt, total (current LCU)","GC.DOD.TOTL.CN","","","","","","","","","","","","","","","","","","","","","","","","","","","","","","","","","","","","","","","","","","","","","","","","","1836894200","2241118840","2711634760","","","","","","","","","","16152080000","15721980000","","",
"Burundi","BDI","Central government debt, total (current LCU)","GC.DOD.TOTL.CN","","","","","","","","","","","","","","","","","","","","","","","","","","","","","","","","","","","","","","","","","","","","","","","","","","","","","","","","","","","","","","","","",
"Belgium","BEL","Central government debt, total (current LCU)","GC.DOD.TOTL.CN","","","","","","","","","","","","","","","","","","","","","","","","","","","","","","","","","","","","264325036089.683","272852118028.13","278112952586.025","293119165568.007","278947346747.337","281110241615.725","287907206181.061","296062388081.271","287385503356.851","291176555139.406","299975569020.423","290605994633.603","286846980780.528","321144561077.134","332416494812.395","338470011701.832","359315300156.279","401731745144.005","399026061618.363","452589480174.638","452461249674.104","473877113132.687","462250042046.974","466414000598.037","494791394496.266","549277738043.526","548758363216.035","521179416348.095","",
"Benin","BEN","Central government debt, total (current LCU)","GC.DOD.TOTL.CN","","","","","","","","","","","","","","","","","","","","","","","","","","","","","","","","","","","","","","","","","","","","","","","","","","","","","","","","","","","","","","","","",
"Burkina Faso","BFA","Central government debt, total (current LCU)","GC.DOD.TOTL.CN","","","","","","","","","","","","","","","","","","","","","","","","","","","","","","","","","","","","","","","","","","","","","","","","","","","","","","","","","","","4022385891408.72","4420945232133.8","7486954017185.56","6071177913283.9","7340065355050.18","",
"Bangladesh","BGD","Central government debt, total (current LCU)","GC.DOD.TOTL.CN","","","","","","","","","","","","","","","","","","","","","","","","","","","","","","","","","","","","","","","","","","916599900000","1001422800000","1086914100000","","","","","","","","","","","","","","","","","","","","",
"Bulgaria","BGR","Central government debt, total (current LCU)","GC.DOD.TOTL.CN","","","","","","","","","","","","","","","","","","","","","","","","","","","","","","","","","","","","","","","15015180000","16642510000","17317180000","19005370000","18016040000","17366340000","16553330000","14640200000","14869850000","15316720000","13088890000","14753390000","15418710000","15804800000","18013010000","18140120000","27350090000","27634160000","33891110000","33099910000","31544840000","32415530000","38871570000","45718560000","50844370000","",
"Bahrain","BHR","Central government debt, total (current LCU)","GC.DOD.TOTL.CN","","","","","","","","","","","","","","","","","","","","","","","","","","","","","","","138800000","284300000","380500000","378300000","374300000","373600000","362800000","404900000","492100000","589800000","877300000","914800000","1023700000","1351400000","1453600000","","1409235000","616500000","705000000","1348000000","2930118000","3888285877","4279286478.758","5375720000","5691000000","7430000000","8991000000","10845000000","12542000000","13894000000","15037786758","","","",
"Bahamas, The","BHS","Central government debt, total (current LCU)","GC.DOD.TOTL.CN","","","","","","","","","","","","","","","","","","","","","","","","","","","","","","","773100000","870400000","952300000","1064700000","1136300000","1165800000","1235100000","1375629000","1431678000","1509200000","1514500000","","","","","","2315840720.74","2441247000","2679446000","3085245000","3401491900","3555516300","3907567900","4689411000","5160171000","5637362000","5964766000","6550127000","7243195000","7527058000","8191220004.29022","9935319415.63292","10792807646.4925","",
"Bosnia and Herzegovina","BIH","Central government debt, total (current LCU)","GC.DOD.TOTL.CN","","","","","","","","","","","","","","","","","","","","","","","","","","","","","","","","","","","","","","","","","","","","","","","","","","","","11678032132.3002","12882625136","12302780139","13671730734.3056","","14511053839.4401","14301922008.3954","13858663093.3683","14409127623.661","15534777795.2007","17764492490.0634","18214014594.2867","",
"Belarus","BLR","Central government debt, total (current LCU)","GC.DOD.TOTL.CN","","","","","","","","","","","","","","","","","","","","","","","","","","","","","","","","","2370","5110","1351480","2049290","2210010","4464860","14169990","45703000","137139000","196472000","322460000","","","427505200","526681800","865671000","1383133100","2636853897.56257","3222697837.03379","12110618048","13377900000","15987400000","19781184418","33804450453.3197","36958042200","42172492700","45375394200","44790614100","57775886500","","","",
"Belize","BLZ","Central government debt, total (current LCU)","GC.DOD.TOTL.CN","","","","","","","","","","","","","","","","","","","","","","","","","","","","","","","231832000","254767000","341625000","395557000","431785000","450357000","498128000","","","","","","1254635000","1743037000","2200126000","2054694000","2134440000","2187249000","2156840000","2192727000","2240073000","2286248000","2344154000","2488400000","2609974000","","","","","","","","","",
"Bermuda","BMU","Central government debt, total (current LCU)","GC.DOD.TOTL.CN","","","","","","","","","","","","","","","","","","","","","","","","","","","","","","","","","","","","","","","","","","","","","","","","","","","","","","","","","","","","","","","","",
"Bolivia","BOL","Central government debt, total (current LCU)","GC.DOD.TOTL.CN","","","","","","","","","","","","","","","","","","","","","","","","","","","","","","","","","","","16352900000","18506600000","17973600000","19379600000","22041700000","27091500000","31213800000","36760230000","","","","","","","","","","","","","","","","","","","","","","",
"Brazil","BRA","Central government debt, total (current LCU)","GC.DOD.TOTL.CN","","","","","","","","","","","","","","","","","","","","","","","","","","","","","","","","","","","","","","","","","","","","","","","","","","","2382753990986.1","2597017652406.62","2881609304522.97","3051200747915.62","3378218222290.28","4049407884511.51","4602865624505.07","5510017770044.87","6066138320875.43","6839767818563.55","7511424215924.93","7661357427093.5","7973258292035.28","",
"Barbados","BRB","Central government debt, total (current LCU)","GC.DOD.TOTL.CN","","","","","","","","","","","","","","","","","","","","","","","","","","","","","","","","","","","","","","","","","","","","","","4873042147","5260609856","6246978106","6810844786","7759229085","8672652668","9338336564","10397944167","11270291340","12175704025","13365027241","14201382937","","","","","","","",
"Brunei Darussalam","BRN","Central government debt, total (current LCU)","GC.DOD.TOTL.CN","","","","","","","","","","","","","","","","","","","","","","","","","","","","","","","","","","","","","","","","","","","","","","","","","","","","","","","","","","","","","","","","",
"Bhutan","BTN","Central government debt, total (current LCU)","GC.DOD.TOTL.CN","","","","","","","","","","","","","","","","","","","","","","","","","","","","","","","2687000000","2698900000","2956500000","2821100000","2798200000","2662400000","4069500000","4084900000","4661170000","6205356000","7721800000","15723800000","14715686000","19930991000","23959301000","28721391000","30457650000","31056399000","33070990000","34759027000","39788500000","53119200000","70668700000","101310000000","108370000000","113756599576.39","146201510150","161629691050","169337176200","174071424662.205","202153590400","","","",
"Botswana","BWA","Central government debt, total (current LCU)","GC.DOD.TOTL.CN","","","","","","","","","","","","","","","","","","","","","","","","","","","","","","","801930000","965800000","1096300000","1254500000","1377000000","1438900000","1797900000","","","","","","","","","","3483530000","3855360000","5863580000","13938100000","18790020000","21776160000","21914260000","22794370000","25447260000","26159246269.7519","25986219844.0603","24465026688.4872","26459620000","29133100000","33619750000","","","",
"Central African Republic","CAF","Central government debt, total (current LCU)","GC.DOD.TOTL.CN","","","","","","","","","","","","","","","","","","","","","","","","","","","","","","","","","","","","","","","","","","","","","","","","","","","","","","","","","","","","","","","","",
"Canada","CAN","Central government debt, total (current LCU)","GC.DOD.TOTL.CN","","","","","","","","","","","","","","","","","","","","","","","","","","","","","","","428271000000","472021000000","506587000000","560265000000","599859000000","642948000000","671003000000","679522000000","681729000000","667617000000","649581000000","657599000000","646352000000","643159000000","625069000000","653910000000","646667000000","616205000000","744048000000","832388000000","882187000000","953736000000","998088000000","972980000000","974797000000","1028503000000","1064991000000","1087099000000","1094338000000","1124044000000","1551228000000","1651211000000","1578058000000","",
"Central Europe and the Baltics","CEB","Central government debt, total (current LCU)","GC.DOD.TOTL.CN","","","","","","","","","","","","","","","","","","","","","","","","","","","","","","","","","","","","","","","","","","","","","","","","","","","","","","","","","","","","","","","","",
"Switzerland","CHE","Central government debt, total (current LCU)","GC.DOD.TOTL.CN","","","","","","","","","","","","","","","","","","","","","","","","","","","","","","","45424810089.74","50197081491.59","59880728202.94","73911634816.4","82351366777.95","93492185330.24","95922086958.63","105551271859.14","118368219216.02","110975628090.14","120842368252.27","118753662010.2","143050069470.97","140002911703.33","146793375866.29","152460819462.01","142189423520.23","138325815346.71","142466237581.39","131554856791.38","132237157690.956","135757586863.87","137328552302.55","133046044939.96","136870715555.65","136598732071.04","131603770504.24","139324935962.5","133128673242.12","136805608458.55","145779984313.3","149208740620.87","141870168134.93","",
"Channel Islands","CHI","Central government debt, total (current LCU)","GC.DOD.TOTL.CN","","","","","","","","","","","","","","","","","","","","","","","","","","","","","","","","","","","","","","","","","","","","","","","","","","","","","","","","","","","","","","","","",
"Chile","CHL","Central government debt, total (current LCU)","GC.DOD.TOTL.CN","","","","","","","","","","","","","","","","","","","","","","","","","","","","","","","","","","","","5062569263441.43","4724475050547.6","4593961128344.94","4572508971726.01","5106573944529.79","5549435860705.91","","","","","","","","","","","","","","","","","","","","","","","",
"China","CHN","Central government debt, total (current LCU)","GC.DOD.TOTL.CN","","","","","","","","","","","","","","","","","","","","","","","","","","","","","","","","","","","","","","","","","","","","","","","","","","","","","","","","","","","","","","","","",
"Cote d'Ivoire","CIV","Central government debt, total (current LCU)","GC.DOD.TOTL.CN","","","","","","","","","","","","","","","","","","","","","","","","","","","","","","","","","","","","9392700000000","","","","","","","","","","","","","","","","","","","","","","","","","","","","",
"Cameroon","CMR","Central government debt, total (current LCU)","GC.DOD.TOTL.CN","","","","","","","","","","","","","","","","","","","","","","","","","","","","","","","1195900000000","1632240000000","1873920000000","2226770000000","5263980000000","5763760000000","","","5652910000000","5656160000000","","","","","","","","","","","","","","","","","","","","","","","","",
"Congo, Dem. Rep.","COD","Central government debt, total (current LCU)","GC.DOD.TOTL.CN","","","","","","","","","","","","","","","","","","","","","","","","","","","","","","","64.8972","567.923333333333","22734.7133333333","279973.673333333","118005600","923410000","7055500000","12174960000","","","","","","","","","","","","","","","","","","","","","","","","","21116586200000","",
"Congo, Rep.","COG","Central government debt, total (current LCU)","GC.DOD.TOTL.CN","","","","","","","","","","","","","","","","","","","","","","","","","","","","","","","","","","","","","","","","","","","","","","","","","","2754060000000","1657840000000","","","","","","","","","","","","","",
"Colombia","COL","Central government debt, total (current LCU)","GC.DOD.TOTL.CN","","","","","","","","","","","","","","","","","","","","","","","","","","","","","","","","","","","","","","","","","","","","","","","","","","","","","","412524048000000","362535488497312","426126465252586","574632777861000","611655714376300","704590273941612","766716613324713","906076024288085","954524823517650","1.02699006492644E+15","",
"Comoros","COM","Central government debt, total (current LCU)","GC.DOD.TOTL.CN","","","","","","","","","","","","","","","","","","","","","","","","","","","","","","","","","","","","","","","","","","","","","","","","","","","","","","","","","","","","","","","","",
"Cabo Verde","CPV","Central government debt, total (current LCU)","GC.DOD.TOTL.CN","","","","","","","","","","","","","","","","","","","","","","","","","","","","","","","","","","","","","","","","","","","","","","","","","","","","","","","","","","","","","","","","",
"Costa Rica","CRI","Central government debt, total (current LCU)","GC.DOD.TOTL.CN","","","","","","","","","","","","","","","","","","","","","","","","","","","","","","","","","","","","","730100000000","885500000000","1415000000000","1633200000000","1781500000000","2066700000000","","","","","","","","","","","","","","","","","","","","","31865119130358","",
"Caribbean small states","CSS","Central government debt, total (current LCU)","GC.DOD.TOTL.CN","","","","","","","","","","","","","","","","","","","","","","","","","","","","","","","","","","","","","","","","","","","","","","","","","","","","","","","","","","","","","","","","",
"Cuba","CUB","Central government debt, total (current LCU)","GC.DOD.TOTL.CN","","","","","","","","","","","","","","","","","","","","","","","","","","","","","","","","","","","","","","","","","","","","","","","","","","","","","","","","","","","","","","","","",
"Curacao","CUW","Central government debt, total (current LCU)","GC.DOD.TOTL.CN","","","","","","","","","","","","","","","","","","","","","","","","","","","","","","","","","","","","","","","","","","","","","","","","","","","","","","","","","","","","","","","","",
"Cayman Islands","CYM","Central government debt, total (current LCU)","GC.DOD.TOTL.CN","","","","","","","","","","","","","","","","","","","","","","","","","","","","","","","","","","","","","","","","","","","","","","","","","","","","","","","","","","","","","","","","",
"Cyprus","CYP","Central government debt, total (current LCU)","GC.DOD.TOTL.CN","","","","","","","","","","","","","","","","","","","","","","","","","","","","","","","","","","","","","","","12936727071.423","14115605682.125","15442438926.0415","17097926783.011","18722524834.5219","21065600043.7402","22805104959.3865","24327851570.3756","24839608456.8937","25427027341.0403","25161372280.3337","16661443000","18017705000","20937859000","23214075000","27008651000","27796534000","28175161000","28764178000","28911906000","32193077000","34108701000","38683837000","38053345000","34977435000","",
"Czechia","CZE","Central government debt, total (current LCU)","GC.DOD.TOTL.CN","","","","","","","","","","","","","","","","","","","","","","","","","","","","","","","","","","","","","","","306992000000","426391000000","477457000000","652874000000","726945000000","818640000000","888809000000","924334000000","992843000000","1058625000000","1203615000000","1424062000000","1602434000000","1743176000000","2120967000000","2128313000000","2186156000000","2209663000000","2130320000000","2088189000000","2074671000000","2122237000000","2604327000000","2888365000000","3177744000000","",
"Germany","DEU","Central government debt, total (current LCU)","GC.DOD.TOTL.CN","","","","","","","","","","","","","","","","","","","","","","","","","","","","","","","","344634000000","406217000000","474390000000","496730000000","","","","781060000000","833285000000","890898000000","874524000000","919641000000","950618000000","997441000000","1049317000000","1051606000000","1039100000000","1133733000000","1185867000000","1452263000000","1500199000000","1567873000000","1525490000000","1601297000000","1561303000000","1564269000000","1563984000000","1548202000000","1551220000000","1874472000000","1970774000000","1726298000000","",
"Djibouti","DJI","Central government debt, total (current LCU)","GC.DOD.TOTL.CN","","","","","","","","","","","","","","","","","","","","","","","","","","","","","","","","","","","","","","","","","","","","","","","","","","","","","","","","","","","","","","","","",
"Dominica","DMA","Central government debt, total (current LCU)","GC.DOD.TOTL.CN","","","","","","","","","","","","","","","","","","","","","","","","","","","","","","","","","","","","","","","","","","","","","","","","","","","","","","","","","","","","","","","","",
"Denmark","DNK","Central government debt, total (current LCU)","GC.DOD.TOTL.CN","","","","","","","","","","","","","","","","","","","","","","","","","","","","","","","","","","","","763839000000","773716000000","774370000000","770619000000","735210000000","697993000000","694228000000","709585000000","685259000000","651274000000","572132000000","544810000000","437881000000","581182000000","661154000000","773986000000","915147000000","946855000000","893331000000","964496000000","874504000000","857232000000","841500000000","823503000000","882147000000","1123394000000","1016561000000","746685000000","",
"Dominican Republic","DOM","Central government debt, total (current LCU)","GC.DOD.TOTL.CN","","","","","","","","","","","","","","","","","","","","","","","","","","","","","","","","","","","","","49308900000","49260400000","","57544200000","","","","","","","","","","","","","","","","","","","","","","","","",
"Algeria","DZA","Central government debt, total (current LCU)","GC.DOD.TOTL.CN","","","","","","","","","","","","","","","","","","","","","","","","","","","","","","","","","","","","","","","","","","","","","","","","","","","","","","","","","","","","","","","","",
"East Asia & Pacific (excluding high income)","EAP","Central government debt, total (current LCU)","GC.DOD.TOTL.CN","","","","","","","","","","","","","","","","","","","","","","","","","","","","","","","","","","","","","","","","","","","","","","","","","","","","","","","","","","","","","","","","",
"Early-demographic dividend","EAR","Central government debt, total (current LCU)","GC.DOD.TOTL.CN","","","","","","","","","","","","","","","","","","","","","","","","","","","","","","","","","","","","","","","","","","","","","","","","","","","","","","","","","","","","","","","","",
"East Asia & Pacific","EAS","Central government debt, total (current LCU)","GC.DOD.TOTL.CN","","","","","","","","","","","","","","","","","","","","","","","","","","","","","","","","","","","","","","","","","","","","","","","","","","","","","","","","","","","","","","","","",
"Europe & Central Asia (excluding high income)","ECA","Central government debt, total (current LCU)","GC.DOD.TOTL.CN","","","","","","","","","","","","","","","","","","","","","","","","","","","","","","","","","","","","","","","","","","","","","","","","","","","","","","","","","","","","","","","","",
"Europe & Central Asia","ECS","Central government debt, total (current LCU)","GC.DOD.TOTL.CN","","","","","","","","","","","","","","","","","","","","","","","","","","","","","","","","","","","","","","","","","","","","","","","","","","","","","","","","","","","","","","","","",
"Ecuador","ECU","Central government debt, total (current LCU)","GC.DOD.TOTL.CN","","","","","","","","","","","","","","","","","","","","","","","","","","","","","","","","","","","","","","","","","","","","","","","","","","","","","","","","","","","","","","","","",
"Egypt, Arab Rep.","EGY","Central government debt, total (current LCU)","GC.DOD.TOTL.CN","","","","","","","","","","","","","","","","","","","","","","","","","","","","","","","","","","","","","","","","","","","","","","","","638953000000","","","","","","","","","","","","","","","","",
"Euro area","EMU","Central government debt, total (current LCU)","GC.DOD.TOTL.CN","","","","","","","","","","","","","","","","","","","","","","","","","","","","","","","","","","","","","","","","","","","","","","","","","","","","","","","","","","","","","","","","",
"Eritrea","ERI","Central government debt, total (current LCU)","GC.DOD.TOTL.CN","","","","","","","","","","","","","","","","","","","","","","","","","","","","","","","","","","","","","","","","","","","","","","","","","","","","","","","","","","","","","","","","",
"Spain","ESP","Central government debt, total (current LCU)","GC.DOD.TOTL.CN","","","","","","","","","","","345348000000","343997000000","","","","","","","","","","","","","","","","","","","","","","","","254378275522.608","298761154688.798","313820853800.735","336774979454.947","331650002269.59","344626734515.279","345196346192.362","361242039512.85","356651367049.643","375476253004.598","379893538470.782","365218124260.233","350143218403.812","417540539332.334","550326580905.954","583025254289.41","665939824958.786","913528396745.501","1076308945069.33","1218049885975.54","1186258410498.29","1216484763483.4","1252667941753.29","1283367985395.35","1366067303629.7","1499865052630.43","1551998215609.14","1410867268592.6","",
"Estonia","EST","Central government debt, total (current LCU)","GC.DOD.TOTL.CN","","","","","","","","","","","","","","","","","","","","","","","","","","","","","","","","","","","","","","","352400000","424000000","251000000","266300000","346500000","425200000","515600000","587700000","670900000","693700000","840600000","1162300000","1164200000","999200000","2428100000","2609400000","2797700000","2707400000","3060100000","3199800000","3490100000","3893400000","6520900000","7447200000","9075200000","",
"Ethiopia","ETH","Central government debt, total (current LCU)","GC.DOD.TOTL.CN","","","","","","","","","","","","","","","","","","","","","","","","","","","","","","","12186200000","14182000000","13051000000","27645600000","37063100000","39599800000","38967100000","38748500000","41947300000","49485000000","","","","","","","","","","","","","","93049100000","285754535948.33","362690988123.32","454837355801.34","551579021406.76","715770172246.28","846210210185.12","","","","",
"European Union","EUU","Central government debt, total (current LCU)","GC.DOD.TOTL.CN","","","","","","","","","","","","","","","","","","","","","","","","","","","","","","","","","","","","","","","","","","","","","","","","","","","","","","","","","","","","","","","","",
"Fragile and conflict affected situations","FCS","Central government debt, total (current LCU)","GC.DOD.TOTL.CN","","","","","","","","","","","","","","","","","","","","","","","","","","","","","","","","","","","","","","","","","","","","","","","","","","","","","","","","","","","","","","","","",
"Finland","FIN","Central government debt, total (current LCU)","GC.DOD.TOTL.CN","","","","","","","","","","","","","","","","","","","","","","","","","","","","","","","","","","","","","","","88699000000","80235000000","76665000000","72685000000","70830000000","74230000000","74399000000","70195000000","68968000000","66322000000","66128000000","76929000000","91302000000","98727000000","109646000000","114199000000","125149000000","131827000000","136519000000","136218000000","140697000000","145193000000","167129000000","165972000000","162719000000","",
"Fiji","FJI","Central government debt, total (current LCU)","GC.DOD.TOTL.CN","","","","","","","","","","","","","","","","","","","","","","","","","","","","","","","","752310000","775570000","921680000","979110000","","","","","","","","","","","","","","","","","","","","","","","","","","","","","",
"France","FRA","Central government debt, total (current LCU)","GC.DOD.TOTL.CN","","","","","","","","","","","","","","","","","","","","","","","","","","","","","","","","","","","","","","","843096000000","828974000000","862004000000","889370000000","971379000000","1038303000000","1101519000000","1158631000000","1126897000000","1154865000000","1302470000000","1509398000000","1602243000000","1693878000000","1885767000000","1925976000000","2097190000000","2154031000000","2284666000000","2348132000000","2401642000000","2558570000000","2854924000000","2924645000000","2603742000000","",
"Faroe Islands","FRO","Central government debt, total (current LCU)","GC.DOD.TOTL.CN","","","","","","","","","","","","","","","","","","","","","","","","","","","","","","","","","","","","","","","","","","","","","","","","","","","","","","","","","","","","","","","","",
"Micronesia, Fed. Sts.","FSM","Central government debt, total (current LCU)","GC.DOD.TOTL.CN","","","","","","","","","","","","","","","","","","","","","","","","","","","","","","","","","","","","","","","","","","","","","","","","","70020215","71308948","71726495","78454110","88734048","83500423","74676687","94767029","84368040","113434021","92896027","95156690","103650413","","","",
"Gabon","GAB","Central government debt, total (current LCU)","GC.DOD.TOTL.CN","","","","","","","","","","","","","","","","","","","","","","","","","","","","","","","","","","","","","","","","","","","","","","","","","","","","","","","","","","","","","","","","",
"United Kingdom","GBR","Central government debt, total (current LCU)","GC.DOD.TOTL.CN","","","","","","","","","","","","","","","","","","","","","","","","","","","","","","","185954000000","189173000000","204338000000","249926000000","301656000000","754203000000","796573000000","845651000000","903511000000","913759000000","964281000000","966935000000","1029411000000","1090894000000","1197141000000","1289072000000","1356698000000","1448904000000","1679759000000","1916307000000","2108618000000","2390123000000","2520081000000","2523179000000","2804790000000","2835378000000","3119005000000","3358420000000","3404150000000","3581471000000","4137291000000","4267850000000","3565586000000","",
"Georgia","GEO","Central government debt, total (current LCU)","GC.DOD.TOTL.CN","","","","","","","","","","","","","","","","","","","","","","","","","","","","","","","","","","","","1484900000","1795100000","2090800000","2857900000","3445300000","3536400000","3739600000","4134300000","3897300000","3626700000","3396700000","3184100000","3263500000","4477500000","5549900000","6959400000","7228700000","7840400000","8434800000","9641000000","12437400000","14430700000","16057000000","17343700000","22239300000","32459100000","33232500000","31307500000","",
"Ghana","GHA","Central government debt, total (current LCU)","GC.DOD.TOTL.CN","","","","","","","","","","","","","","","","","","","","","","","","","","","","","","","","","","","","","","","","","","","","","","","","","","","","","","","","","","","","","","","","",
"Gibraltar","GIB","Central government debt, total (current LCU)","GC.DOD.TOTL.CN","","","","","","","","","","","","","","","","","","","","","","","","","","","","","","","","","","","","","","","","","","","","","","","","","","","","","","","","","","","","","","","","",
"Guinea","GIN","Central government debt, total (current LCU)","GC.DOD.TOTL.CN","","","","","","","","","","","","","","","","","","","","","","","","","","","","","","","","","","","","","","","","","","","","","","","","","","","","","","","","","","","","","","","","",
"Gambia, The","GMB","Central government debt, total (current LCU)","GC.DOD.TOTL.CN","","","","","","","","","","","","","","","","","","","","","","","","","","","","","","","","","","","","","","","","","","","","","","","","","","","","","","","","","","","","","","","","",
"Guinea-Bissau","GNB","Central government debt, total (current LCU)","GC.DOD.TOTL.CN","","","","","","","","","","","","","","","","","","","","","","","","","","","","","","","","","","","","","","","","","","","","","","","","","","","","","","","","","","","","","","","","",
"Equatorial Guinea","GNQ","Central government debt, total (current LCU)","GC.DOD.TOTL.CN","","","","","","","","","","","","","","","","","","","","","","","","","","","","","","","","","","","","","","","","","","","","","","","","","","","","","","","","","","","","","","","","",
"Greece","GRC","Central government debt, total (current LCU)","GC.DOD.TOTL.CN","","","","","","","","","","","","","","","","","","","","","","","","","","","","","","","","","","","","","","125780600000","135367280000","145865340000","168693680000","188110090000","205349780000","215856070000","245359800000","254129640000","275754050000","288124530000","307710930000","342002790000","306158410000","236267720000","316545710000","334156130000","335538850000","333657320000","339633910000","351961840000","375008950000","389528820000","417862580000","431049900000","420029940000","",
"Grenada","GRD","Central government debt, total (current LCU)","GC.DOD.TOTL.CN","","","","","","","","","","","","","","","","","","","","","","","","","","","","","","","","","","","","","","","","","","","","","","","","","","","","","","","","","","","","","","","","",
"Greenland","GRL","Central government debt, total (current LCU)","GC.DOD.TOTL.CN","","","","","","","","","","","","","","","","","","","","","","","","","","","","","","","","","","","","","","","","","","","","","","","","","","","","","","","","","","","","","","","","",
"Guatemala","GTM","Central government debt, total (current LCU)","GC.DOD.TOTL.CN","","","","","","","","","","","","","","","","","","","","","","","","","","","","","","","8401020000","8397010000","8546550000","8751540000","9827920000","9712120000","10733540000","12238470000","13989950000","18223410000","25432090000","29316940000","29890850000","36046350000","41489170000","44168320000","50280500000","56633300000","59333900000","70885400000","81340700000","89646000000","95962200000","104970000000","","","","","","","","","","",
"Guam","GUM","Central government debt, total (current LCU)","GC.DOD.TOTL.CN","","","","","","","","","","","","","","","","","","","","","","","","","","","","","","","","","","","","","","","","","","","","","","","","","","","","","","","","","","","","","","","","",
"Guyana","GUY","Central government debt, total (current LCU)","GC.DOD.TOTL.CN","","","","","","","","","","","","","","","","","","","","","","","","","","","","","","","","","","","","","","","","","","","","","","","","","","","","","","","","","","","","","","","","",
"High income","HIC","Central government debt, total (current LCU)","GC.DOD.TOTL.CN","","","","","","","","","","","","","","","","","","","","","","","","","","","","","","","","","","","","","","","","","","","","","","","","","","","","","","","","","","","","","","","","",
"Hong Kong SAR, China","HKG","Central government debt, total (current LCU)","GC.DOD.TOTL.CN","","","","","","","","","","","","","","","","","","","","","","","","","","","","","","","","","","","","","","","","","","","","","","","","","","","","","","","","","","","","","","","","",
"Honduras","HND","Central government debt, total (current LCU)","GC.DOD.TOTL.CN","","","","","","","","","","","","","","","","","","","","","","","","","","","","","","","","","","","","","","","","","","","","","","","","","","","","","","","","","","","","","","","","",
"Heavily indebted poor countries (HIPC)","HPC","Central government debt, total (current LCU)","GC.DOD.TOTL.CN","","","","","","","","","","","","","","","","","","","","","","","","","","","","","","","","","","","","","","","","","","","","","","","","","","","","","","","","","","","","","","","","",
"Croatia","HRV","Central government debt, total (current LCU)","GC.DOD.TOTL.CN","","","","","","","","","","","","","","","","","","","","","","","","","","","","","","","","","","","","","","","","6364853000","8205986000","10608708000","11486405000","13303581000","15081858000","16563077000","17139291000","18723993000","21274484000","25069354000","29071660000","32499012000","34190148000","39266295000","41783857000","43947954000","44356039000","43159734000","43641441000","44848837000","49955228000","53156313000","56120677000","",
"Haiti","HTI","Central government debt, total (current LCU)","GC.DOD.TOTL.CN","","","","","","","","","","","","","","","","","","","","","","","","","","","","","","","","","","","","","","","","","","","","","","","","","","","","","","","","","","","","","","","","",
"Hungary","HUN","Central government debt, total (current LCU)","GC.DOD.TOTL.CN","","","","","","","","","","","","","","","","","","","","","","","","","","","","","","","","","","","","5014579000000","5356215000000","5959794000000","6700616000000","7760899000000","8144890000000","9121675000000","10275516000000","11414643000000","13283608000000","14718773000000","16626000000000","17813380000000","19805941000000","21490739000000","22331166000000","25819414000000","27265679000000","28714366000000","32344816000000","33686173000000","35033130000000","36116403000000","37532484000000","39710919000000","46441121000000","47948582000000","49772836000000","",
"IBRD only","IBD","Central government debt, total (current LCU)","GC.DOD.TOTL.CN","","","","","","","","","","","","","","","","","","","","","","","","","","","","","","","","","","","","","","","","","","","","","","","","","","","","","","","","","","","","","","","","",
"IDA & IBRD total","IBT","Central government debt, total (current LCU)","GC.DOD.TOTL.CN","","","","","","","","","","","","","","","","","","","","","","","","","","","","","","","","","","","","","","","","","","","","","","","","","","","","","","","","","","","","","","","","",
"IDA total","IDA","Central government debt, total (current LCU)","GC.DOD.TOTL.CN","","","","","","","","","","","","","","","","","","","","","","","","","","","","","","","","","","","","","","","","","","","","","","","","","","","","","","","","","","","","","","","","",
"IDA blend","IDB","Central government debt, total (current LCU)","GC.DOD.TOTL.CN","","","","","","","","","","","","","","","","","","","","","","","","","","","","","","","","","","","","","","","","","","","","","","","","","","","","","","","","","","","","","","","","",
"Indonesia","IDN","Central government debt, total (current LCU)","GC.DOD.TOTL.CN","","","","","","","","","","","","","","","","","","","","","","","","","","","","","","","","","","","","","","","","","","","","","","","","","1.69369E+15","1.68171E+15","1.79608E+15","1.94737E+15","2.15689E+15","2.6521E+15","2.8983835979861E+15","3.49353074741508E+15","3.88994981323898E+15","4.4070536976047E+15","4.91747756121582E+15","5.34022158618682E+15","6.625475985591E+15","7.53832563641402E+15","8.92055781307395E+15","",
"IDA only","IDX","Central government debt, total (current LCU)","GC.DOD.TOTL.CN","","","","","","","","","","","","","","","","","","","","","","","","","","","","","","","","","","","","","","","","","","","","","","","","","","","","","","","","","","","","","","","","",
"Isle of Man","IMN","Central government debt, total (current LCU)","GC.DOD.TOTL.CN","","","","","","","","","","","","","","","","","","","","","","","","","","","","","","","","","","","","","","","","","","","","","","","","","","","","","","","","","","","","","","","","",
"India","IND","Central government debt, total (current LCU)","GC.DOD.TOTL.CN","","","","","","","","","","","","","","","","","","","","","","","","","","","","","","","2925670000000","3311970000000","3781690000000","4534120000000","5096160000000","5725510000000","6377560000000","7782940000000","8918060000000","10210310000000","11770280000000","13664080000000","15591990000000","17366760000000","19944200000000","22601450000000","25385980000000","28166100000000","31591800000000","35178500000000","39387700000000","45041500000000","50394300000000","56517900000000","62216270000000","68810780000000","73316300000000","81320590000000","87925980000000","","","","","",
"Not classified","INX","Central government debt, total (current LCU)","GC.DOD.TOTL.CN","","","","","","","","","","","","","","","","","","","","","","","","","","","","","","","","","","","","","","","","","","","","","","","","","","","","","","","","","","","","","","","","",
"Ireland","IRL","Central government debt, total (current LCU)","GC.DOD.TOTL.CN","","","","","","","","","","","","","","","","","","","","","","","","","","","","","","","","","","","","","","","48266393000","45598857000","41382670000","42740026000","45804282000","47119299000","48160240000","52409617000","50000378000","53195296000","87321709000","112937774000","138084663000","191705307000","227812533000","236517615000","236478462000","232910710000","230600205000","228260660000","245636308000","248063233000","267563270000","279262512000","236505993000","",
"Iran, Islamic Rep.","IRN","Central government debt, total (current LCU)","GC.DOD.TOTL.CN","","","","","","","","","","","","","","","","","","","","","","","","","","","","","","","","","","","","","","","","","","","","","","","","","","","","","","","","","","","","","","","","",
"Iraq","IRQ","Central government debt, total (current LCU)","GC.DOD.TOTL.CN","","","","","","","","","","","","","","","","","","","","","","","","","","","","","","","","","","","","","","","","","","","","","","","","","","","","","","","","53326799369478","58045493579438.3","79495987051495.8","73786628554876.2","","","","","",
"Iceland","ISL","Central government debt, total (current LCU)","GC.DOD.TOTL.CN","","","","","","","","","","","","","","","","","","","","","","","","","","","","","","","112783900000","127655800000","153412200000","181029900000","197106100000","213574700000","225676600000","366993901000","380921657000","383848416000","412947679000","491480000000","488914000000","483118000000","471853000000","890326268602","1059643731622","1157745354364","2036493788521","2354044653456","2502644406870","2755039926032","2801574696116","2760280073398","2813944546103","2691802190460","2570216277643","2362558152117","2305549478886","2691156819773","2965775047633","3168378002803","3398124975489","",
"Israel","ISR","Central government debt, total (current LCU)","GC.DOD.TOTL.CN","","","","","","","","","","","","","","","","","","","","","","","","","","","","","","","165199000000","190499000000","222990000000","252818000000","282795000000","315416000000","360707000000","384924000000","432659000000","443534000000","","","","","","","","","","","","","","","","","","","","","","","","",
"Italy","ITA","Central government debt, total (current LCU)","GC.DOD.TOTL.CN","","","","","","","","","","","","","","","","","","","","","","","","","","","","","","","","","","","","1135783000000","1265457000000","1338482000000","1410716000000","1378517000000","1402635000000","1458555000000","1492639000000","1492071000000","1577581000000","1648463000000","1653681000000","1639022000000","1714712000000","1832272000000","1846536000000","1781537000000","2057457000000","2173188000000","2422764000000","2482112000000","2505378000000","2519499000000","2478264000000","2651254000000","2925905000000","2992523000000","2728403000000","",
"Jamaica","JAM","Central government debt, total (current LCU)","GC.DOD.TOTL.CN","","","","","","","","","","","","","","","","","","","","","","","","","","","","","","","45771510000","115834720000","100338220000","152276250000","170770820000","193843450000","198301930000","219183090000","262302970000","308687830000","380640700000","497082690000","601263260000","693886820000","759696660000","847351300000","923154150000","1000675510000","1200322360000","1434755830000","1570368250000","1662273430000","1812635360000","1946005010000","2041693750000","2068759180000","2159937054848.86","1941710900000","","1946799489483.2","2090497753634.23","","","",
"Jordan","JOR","Central government debt, total (current LCU)","GC.DOD.TOTL.CN","","","","","","","","","","","","","","","","","","","","","","","","","","","","","","","3556150000","3845390000","5509510000","4879180000","5073900000","4953400000","5217800000","5157100000","5675580000","5772860000","5621440000","5779930000","5779930000","6427640000","7202700000","7136000000","7753000000","8487000000","8854700000","10317500000","11514900000","12665700000","14678100000","18034800000","20331400000","21605500000","20979900000","22268900000","","25070700000","23570200000","","34937600000","",
"Japan","JPN","Central government debt, total (current LCU)","GC.DOD.TOTL.CN","","","","","","","","","","","","","","","","","","","","","","","","","","","","","","","239932000000000","187605000000000","196194000000000","212474000000000","281575600000000","316990900000000","350311500000000","396770300000000","431763900000000","478715400000000","529709200000000","546788800000000","586767100000000","638798000000000","675238300000000","682724900000000","688227100000000","713049300000000","731428000000000","776976500000000","811367000000000","873359300000000","919403100000000","949053700000000","996702600000000","1.0469251E+15","1.0518781E+15","1.0701363E+15","1.0984294E+15","1.1047209E+15","1.1646661E+15","1.1953742E+15","1.2101681E+15","",
"Kazakhstan","KAZ","Central government debt, total (current LCU)","GC.DOD.TOTL.CN","","","","","","","","","","","","","","","","","","","","","","","","","","","","","","","","","","","","","","","","","","","","","","534868400000","606431725000","683866066000","1015630200000","1618047500000","2221985267000","2741695121000","3626716568000","4398200000000","5613052661000","8665700300000","7876745950000","9027329730000","13583149326000","12851748000000","16754955511000","18815263949000","","",
"Kenya","KEN","Central government debt, total (current LCU)","GC.DOD.TOTL.CN","","","","","","","","","","","","","","","","","","","","","","","","","","","","","","","","","","","","","","","","","","","","","","","","","","","","","","","","","","","","","","","","",
"Kyrgyz Republic","KGZ","Central government debt, total (current LCU)","GC.DOD.TOTL.CN","","","","","","","","","","","","","","","","","","","","","","","","","","","","","","","","","","","","","","","","","","","","","","","","","","","","","","152096000000","218983800000","300006000000","295372200000","334724200000","311698300000","353835000000","452020497000","464572031246","510946400000","",
"Cambodia","KHM","Central government debt, total (current LCU)","GC.DOD.TOTL.CN","","","","","","","","","","","","","","","","","","","","","","","","","","","","","","","","","","","","","","","","","","","","","","","","","","","","","","","","","","","","","","","","",
"Kiribati","KIR","Central government debt, total (current LCU)","GC.DOD.TOTL.CN","","","","","","","","","","","","","","","","","","","","","","","","","","","","","","","","","","","","","","","","","","","","","","","","","","","","","","","","","","","","","","","","",
"St. Kitts and Nevis","KNA","Central government debt, total (current LCU)","GC.DOD.TOTL.CN","","","","","","","","","","","","","","","","","","","","","","","","","","","","","","","","","","","","","","","","","","","1028600000","1169900000","1243100000","1364000000","1473000000","1806100000","1941900000","2106310000","2205100000","2325390000","2158600000","1585100000","1482430000","","","","","","","","","",
"Korea, Rep.","KOR","Central government debt, total (current LCU)","GC.DOD.TOTL.CN","","","","","","","","","","","","","","","","","","","","","","","","","","","","","","","","","","","","","","","","","","","","","","","","","","","","","466726000000000","524234000000000","570473174969116","621640877442310","662636705078292","685608222944530","712878439713666","769211885817289","901110161116171","1.01836697201299E+15","1.10637712473624E+15","",
"Kuwait","KWT","Central government debt, total (current LCU)","GC.DOD.TOTL.CN","","","","","","","","","","","","","","","","","","","","","","","","","","","","","","","","","","","","","","","","","","","","","","","","","","","","","","","","","","","","","","","","",
"Latin America & Caribbean (excluding high income)","LAC","Central government debt, total (current LCU)","GC.DOD.TOTL.CN","","","","","","","","","","","","","","","","","","","","","","","","","","","","","","","","","","","","","","","","","","","","","","","","","","","","","","","","","","","","","","","","",
"Lao PDR","LAO","Central government debt, total (current LCU)","GC.DOD.TOTL.CN","","","","","","","","","","","","","","","","","","","","","","","","","","","","","","","","","","","","","","","","","","","","","","","","","","","","","","","","","","","","","","","","",
"Lebanon","LBN","Central government debt, total (current LCU)","GC.DOD.TOTL.CN","","","","","","","","","","","","","","","","","","","","","","","","","","","","","","","","","","","","","","23500400000000","27968200000000","33733600000000","","","","","","","","","","","","","","","","","","","","","","","","",
"Liberia","LBR","Central government debt, total (current LCU)","GC.DOD.TOTL.CN","","","","","","","","","","","","","","","","","","","","","","","","","","","","","","","","","","","","","","","","","","","","","","","","","","","","521100000","567200000","","","","","","","","","","","",
"Libya","LBY","Central government debt, total (current LCU)","GC.DOD.TOTL.CN","","","","","","","","","","","","","","","","","","","","","","","","","","","","","","","","","","","","","","","","","","","","","","","","","","","","","","","","","","","","","","","","",
"St. Lucia","LCA","Central government debt, total (current LCU)","GC.DOD.TOTL.CN","","","","","","","","","","","","","","","","","","","","","","","","","","","","","","","","","","","","","","","","","777500000","965700000","1215800000","1293500000","1428000000","1595400000","1616200000","1634100000","1616200000","1642200000","1835400000","","","","","","","","","","","","","",
"Latin America & Caribbean","LCN","Central government debt, total (current LCU)","GC.DOD.TOTL.CN","","","","","","","","","","","","","","","","","","","","","","","","","","","","","","","","","","","","","","","","","","","","","","","","","","","","","","","","","","","","","","","","",
"Least developed countries: UN classification","LDC","Central government debt, total (current LCU)","GC.DOD.TOTL.CN","","","","","","","","","","","","","","","","","","","","","","","","","","","","","","","","","","","","","","","","","","","","","","","","","","","","","","","","","","","","","","","","",
"Low income","LIC","Central government debt, total (current LCU)","GC.DOD.TOTL.CN","","","","","","","","","","","","","","","","","","","","","","","","","","","","","","","","","","","","","","","","","","","","","","","","","","","","","","","","","","","","","","","","",
"Liechtenstein","LIE","Central government debt, total (current LCU)","GC.DOD.TOTL.CN","","","","","","","","","","","","","","","","","","","","","","","","","","","","","","","","","","","","","","","","","","","","","","","","","","","","","","","","","","","","","","","","",
"Sri Lanka","LKA","Central government debt, total (current LCU)","GC.DOD.TOTL.CN","","","","","","","","","","","","","","","","","","","","","","","","","","","","","","","310781000000","366698000000","405558000000","483568000000","549292000000","632045000000","709320000000","766577000000","908001000000","1051861000000","1218700000000","1452706000000","1669284000000","1863851000000","2139527000000","2222341000000","2606594000000","3041685000000","","4161422000000","4591245000000","5133370000000","6000110000000","6793249000000","7390899000000","8503200000000","","","","","","","","",
"Lower middle income","LMC","Central government debt, total (current LCU)","GC.DOD.TOTL.CN","","","","","","","","","","","","","","","","","","","","","","","","","","","","","","","","","","","","","","","","","","","","","","","","","","","","","","","","","","","","","","","","",
"Low & middle income","LMY","Central government debt, total (current LCU)","GC.DOD.TOTL.CN","","","","","","","","","","","","","","","","","","","","","","","","","","","","","","","","","","","","","","","","","","","","","","","","","","","","","","","","","","","","","","","","",
"Lesotho","LSO","Central government debt, total (current LCU)","GC.DOD.TOTL.CN","","","","","","","","","","","","","","","","","","","","","","","","","","","","","","","","","","","","","","","","","","","","","","","","","5476300000","6150100000","4836000000","5080600000","6548400000","7585100000","8747000000","9977000000","13081800000","11484900000","11111100000","11111100000","1011600000","","","",
"Late-demographic dividend","LTE","Central government debt, total (current LCU)","GC.DOD.TOTL.CN","","","","","","","","","","","","","","","","","","","","","","","","","","","","","","","","","","","","","","","","","","","","","","","","","","","","","","","","","","","","","","","","",
"Lithuania","LTU","Central government debt, total (current LCU)","GC.DOD.TOTL.CN","","","","","","","","","","","","","","","","","","","","","","","","","","","","","","","","","","","","","","","3595916000","3950266000","4364994000","4498963000","4634042000","4539524000","4761127000","5021698000","5008674000","5131945000","4823526000","8269135000","11557261000","12856905000","15769132000","15710299000","17680483000","18540530000","18562779000","19003241000","17524770000","20618830000","26365010000","27228380000","24309850000","",
"Luxembourg","LUX","Central government debt, total (current LCU)","GC.DOD.TOTL.CN","","","","","","","","","","","","","","","","","","","","","","","","","","","","","","","","","","","","","","","2572258000","2629573000","2830667000","2955930000","3024760000","3069619000","3843640000","3641487000","3914481000","3913288000","6883883000","6855601000","9301788000","9814852000","11444474000","12479101000","13543643000","13901726000","13507630000","15235722000","15255273000","17181976000","19000896000","20766550000","20339639000","",
"Latvia","LVA","Central government debt, total (current LCU)","GC.DOD.TOTL.CN","","","","","","","","","","","","","","","","","","","","","","","","","","","","","","","","","","","","","","","952227078.958003","1201666467.46461","1328895396.15597","1596827849.58538","1800588784.35524","2132608807.00736","2625722107.4439","2798532734.58888","3665024672.5972","4792089971.03033","8933648641.72657","11710027262.2239","13476472814.6112","13742544151.7123","14391197261.2563","14003908628.8638","16141854628.0329","15430199600.4576","17287001781.4355","17422891730.8382","18503393549.2684","20607497965.2933","23384644936.5684","27835279821.9703","28357460970.6262","",
"Macao SAR, China","MAC","Central government debt, total (current LCU)","GC.DOD.TOTL.CN","","","","","","","","","","","","","","","","","","","","","","","","","","","","","","","","","","","","","","","","","","","","","","","","","","","","","","","","","","","","","","","","",
"St. Martin (French part)","MAF","Central government debt, total (current LCU)","GC.DOD.TOTL.CN","","","","","","","","","","","","","","","","","","","","","","","","","","","","","","","","","","","","","","","","","","","","","","","","","","","","","","","","","","","","","","","","",
"Morocco","MAR","Central government debt, total (current LCU)","GC.DOD.TOTL.CN","","","","","","","","","","","","","","","","","","","","","","","","","","","","","","","216905000000","174469000000","204177000000","218192000000","228795000000","227973000000","","240420000000","245676000000","251507000000","","","251507000000","","","327568000000","330882000000","329823000000","325806000000","355556600000","399864000000","456190140000","","","","","","","","","","","","",
"Monaco","MCO","Central government debt, total (current LCU)","GC.DOD.TOTL.CN","","","","","","","","","","","","","","","","","","","","","","","","","","","","","","","","","","","","","","","","","","","","","","","","","","","","","","","","","","","","","","","","",
"Moldova","MDA","Central government debt, total (current LCU)","GC.DOD.TOTL.CN","","","","","","","","","","","","","","","","","","","","","","","","","","","","","","","","","","","","","","","","","","","13039200000","13922400000","16642000000","12208700000","13058900000","12416900000","11604400000","16698100000","18922400000","19524100000","21462200000","23808500000","27799600000","34210400000","51276800000","52216957182.3459","52012600000","52494300000","67820721200","77752700000","94660042340.5395","",
"Madagascar","MDG","Central government debt, total (current LCU)","GC.DOD.TOTL.CN","","","","","","","","","","","","","","","","","","","","","","","","","","","","","","","","","","","","","","","","","","","","","","","","","","","","","","","","","","","","","","","","",
"Maldives","MDV","Central government debt, total (current LCU)","GC.DOD.TOTL.CN","","","","","","","","","","","","","","","","","","","","","","","","","","","","","","","632300000","891400000","1253000000","1609200000","1823600000","2223700000","2281300000","2373000000","2605500000","2782900000","3002900000","3326400000","3856900000","4087600000","4282800000","5052100000","5956200000","6979510000","8822900000","13867200000","18182800000","23212090000","","","","","","","","","","","","",
"Middle East & North Africa","MEA","Central government debt, total (current LCU)","GC.DOD.TOTL.CN","","","","","","","","","","","","","","","","","","","","","","","","","","","","","","","","","","","","","","","","","","","","","","","","","","","","","","","","","","","","","","","","",
"Mexico","MEX","Central government debt, total (current LCU)","GC.DOD.TOTL.CN","","","","","","","","","","","","","","","","","","","","","","","","","","","","","","","","","","","","","","","","","","","","","","","","","","","","","","","","","","","","10172018449245.5","10812562982062.5","11708450321584.8","12726069514510.8","",
"Marshall Islands","MHL","Central government debt, total (current LCU)","GC.DOD.TOTL.CN","","","","","","","","","","","","","","","","","","","","","","","","","","","","","","","","","","","","","","","","","","","","","","","","","104879493","108730638","110965803","96636889","94734021","98315284","91886514","87231108","97510869","101994768","96801972","96801972","","","","",
"Middle income","MIC","Central government debt, total (current LCU)","GC.DOD.TOTL.CN","","","","","","","","","","","","","","","","","","","","","","","","","","","","","","","","","","","","","","","","","","","","","","","","","","","","","","","","","","","","","","","","",
"North Macedonia","MKD","Central government debt, total (current LCU)","GC.DOD.TOTL.CN","","","","","","","","","","","","","","","","","","","","","","","","","","","","","","","","","","","","","","","","","","","","","","","","","","","","","","","","","","","","","","","","",
"Mali","MLI","Central government debt, total (current LCU)","GC.DOD.TOTL.CN","","","","","","","","","","","","","","","","","","","","","","","","","","","","","","","","","","","","","","","","","","","","","","","","","","","","","","","","","","","","","","","","",
"Malta","MLT","Central government debt, total (current LCU)","GC.DOD.TOTL.CN","","","","","","","","","","","","","","","","","","","","","","","","","","","","","","","","","","","","","","","","5936969485.20848","6479282552.99324","7176100628.93082","7544509666.8996","8898129513.16096","9432587933.84579","10093890053.5756","9739279864.41994","9945625436.75751","4730617000","5072248000","5393533000","5829483000","6062810000","6462315000","7153153000","7445631000","7920000000","7553728000","7612779000","8053869000","9351477000","10501665000","10303710000","",
"Myanmar","MMR","Central government debt, total (current LCU)","GC.DOD.TOTL.CN","","","","","","","","","","","","","","","","","","","","","","","","","","","","","","","","","","","","","","","","","","","","","","","","","","","","","","","","","","","","","","","","",
"Middle East & North Africa (excluding high income)","MNA","Central government debt, total (current LCU)","GC.DOD.TOTL.CN","","","","","","","","","","","","","","","","","","","","","","","","","","","","","","","","","","","","","","","","","","","","","","","","","","","","","","","","","","","","","","","","",
"Montenegro","MNE","Central government debt, total (current LCU)","GC.DOD.TOTL.CN","","","","","","","","","","","","","","","","","","","","","","","","","","","","","","","","","","","","","","","","","","","","","","","","","","","","","","","","","","","","","","","","",
"Mongolia","MNG","Central government debt, total (current LCU)","GC.DOD.TOTL.CN","","","","","","","","","","","","","","","","","","","","","","","","","","","","","","","","","","","","","","","","","","","","","","","","","","","","","","","","","","","21477283864908.4","23014786096132.4","27671563210817.6","29148684617502.2","","",
"Northern Mariana Islands","MNP","Central government debt, total (current LCU)","GC.DOD.TOTL.CN","","","","","","","","","","","","","","","","","","","","","","","","","","","","","","","","","","","","","","","","","","","","","","","","","","","","","","","","","","","","","","","","",
"Mozambique","MOZ","Central government debt, total (current LCU)","GC.DOD.TOTL.CN","","","","","","","","","","","","","","","","","","","","","","","","","","","","","","","","","","","","","","","","","","","","","","","","","","","","","","","","","701991675236.984","662126083817.354","737016117758.775","765354353698.47","1002617878400","890752470000","924011177000","",
"Mauritania","MRT","Central government debt, total (current LCU)","GC.DOD.TOTL.CN","","","","","","","","","","","","","","","","","","","","","","","","","","","","","","","","","","","","","","","","","","","","","","","","","","","","","","","","","","","","","","","","",
"Mauritius","MUS","Central government debt, total (current LCU)","GC.DOD.TOTL.CN","","","","","","","","","","","","","","","","","","","","","","","","","","","","","","","","","","","","","","","","","","","76459400000","96086200000","94136700000","106653700000","114787400000","123383800000","123603600000","135174700000","150956400000","164381400000","172363100000","","","","","265547000000","276935000000","296826300000","","","","",
"Malawi","MWI","Central government debt, total (current LCU)","GC.DOD.TOTL.CN","","","","","","","","","","","","","","","","","","","","","","","","","","","","","","","","","","","","","","","","","","","","","","","","","","255844462575.995","293569316030.82","343575939491.568","622024773095.601","729170600000","1044137600000","1259062000000","2151680949747.66","2239858619962.69","3017026009047.64","3690159449119.26","","","6558295576000","",
"Malaysia","MYS","Central government debt, total (current LCU)","GC.DOD.TOTL.CN","","","","","","","","","","","","","","","","","","","","","","","","","","","","","","","94713000000","99072000000","97005000000","95898000000","93078000000","91369000000","","","","","","","164963000000","188767000000","216624000000","228670000000","242225054000","266722336000","306437414000","362386171000","407101237000","456128000000","501617000000","539857800000","582828241000","630540000000","648474726000","686836648475.93","741049014484.13","792997555813.07","879559708809.62","979814000000","1079591000000","",
"North America","NAC","Central government debt, total (current LCU)","GC.DOD.TOTL.CN","","","","","","","","","","","","","","","","","","","","","","","","","","","","","","","","","","","","","","","","","","","","","","","","","","","","","","","","","","","","","","","","",
"Namibia","NAM","Central government debt, total (current LCU)","GC.DOD.TOTL.CN","","","","","","","","","","","","","","","","","","","","","","","","","","","","","","","","","","","","","","","","","","","","","","","","73279644058.9999","","","","","","","","","","","","","","","","",
"New Caledonia","NCL","Central government debt, total (current LCU)","GC.DOD.TOTL.CN","","","","","","","","","","","","","","","","","","","","","","","","","","","","","","","","","","","","","","","","","","","","","","","","","","","","","","","","","","","","","","","","",
"Niger","NER","Central government debt, total (current LCU)","GC.DOD.TOTL.CN","","","","","","","","","","","","","","","","","","","","","","","","","","","","","","","","","","","","","","","","","","","","","","","","","","","","","","","","","","","","","","","","",
"Nigeria","NGA","Central government debt, total (current LCU)","GC.DOD.TOTL.CN","","","","","","","","","","","","","","","","","","","","","","","","","","","","","","","","","","","","","","","","","","","","","","","","","","","","","","","","","","","","","","","","",
"Nicaragua","NIC","Central government debt, total (current LCU)","GC.DOD.TOTL.CN","","","","","","","","","","","","","","","","","","","","","","","","","","","","","","","","","","","","","","","","","","","","","","","","","","","","","","","","","","","","","","","","",
"Netherlands","NLD","Central government debt, total (current LCU)","GC.DOD.TOTL.CN","","","","","","","","","","","","","","","","","","","","","","","","","","","","","","","","","","","","","","","246053000000","232804000000","234200000000","236691000000","249782000000","262606000000","274089000000","280482000000","264534000000","268033000000","365616000000","365410000000","392375000000","424342000000","466215000000","471435000000","510310000000","502865000000","507560000000","482143000000","472502000000","473508000000","532273000000","554540000000","514468000000","",
"Norway","NOR","Central government debt, total (current LCU)","GC.DOD.TOTL.CN","","","","","","","","","","","","","","","","","","","","","","","","","","","","","","","","","","","","259970000000","242415000000","238183000000","215662000000","249874000000","355343000000","315824000000","453412000000","609663000000","698617000000","730608000000","1060348000000","1067123000000","1147755000000","874530000000","932410000000","595237000000","666784000000","693107000000","634444000000","761864000000","844904000000","909076000000","1013505000000","1028932000000","1144313000000","1334387000000","1638964000000","",
"Nepal","NPL","Central government debt, total (current LCU)","GC.DOD.TOTL.CN","","","","","","","","","","","","","","","","","","","","","","","","","","","","","","","54418100000","80361000000","94159000000","111877000000","132598000000","145058000000","162286000000","167978000000","199615000000","219136000000","245048000000","260448000000","293747000000","308078500000","318913000000","305106900000","324994508000","312810300000","357258100000","","403903349000","","","","","","","","","1226258000000","1518482900000","1737636800000","","",
"Nauru","NRU","Central government debt, total (current LCU)","GC.DOD.TOTL.CN","","","","","","","","","","","","","","","","","","","","","","","","","","","","","","","","","","","","","","","","","","","","","","","","","","","","","","","","","","","","","","","","",
"New Zealand","NZL","Central government debt, total (current LCU)","GC.DOD.TOTL.CN","","","","","","","","","","","","","","","","","","","","","","","","","","","","","","","","","","","","","","","","","","","","62259223000","61837554000","64376725000","","","","","","","","","","","","","","","","","","",
"OECD members","OED","Central government debt, total (current LCU)","GC.DOD.TOTL.CN","","","","","","","","","","","","","","","","","","","","","","","","","","","","","","","","","","","","","","","","","","","","","","","","","","","","","","","","","","","","","","","","",
"Oman","OMN","Central government debt, total (current LCU)","GC.DOD.TOTL.CN","","","","","","","","","","","","","","","","","","","","","","","","","","","","","","","","","","","","","","","","","","","","","","","","","","","","","","","","","","","","","","","","",
"Other small states","OSS","Central government debt, total (current LCU)","GC.DOD.TOTL.CN","","","","","","","","","","","","","","","","","","","","","","","","","","","","","","","","","","","","","","","","","","","","","","","","","","","","","","","","","","","","","","","","",
"Pakistan","PAK","Central government debt, total (current LCU)","GC.DOD.TOTL.CN","","","","","","","","","","","","","","","","","","","","","","","","","","","","","","","674248000000","776583000000","902828000000","1058682000000","","","","","2117616000000","","2832571000000","","","","","","","","","","","","","","","","","","","","","","","",
"Panama","PAN","Central government debt, total (current LCU)","GC.DOD.TOTL.CN","","","","","","","","","","","","","","","","","","","","","","","","","","","","","","","","","","","","","","","","","","","","","","","","","","","","","","","","","","","","","","","","",
"Peru","PER","Central government debt, total (current LCU)","GC.DOD.TOTL.CN","","","","","","","","","","","","","","","","","","","","","","","","","","","","","","","","","","","","","","","","","","","","","","","85520791332.0461","82259635907.116","82669919179.5522","87410754117.483","90737127759.3","90340890155.012","90241165950.6833","92694251399.058","104534172215.889","131444329698.186","147013203720.455","164295739944.364","183120996961.773","197879079664.258","240884404435.394","306155624794.856","","",
"Philippines","PHL","Central government debt, total (current LCU)","GC.DOD.TOTL.CN","","","","","","","","","","","","","","","","","","","","","","","","","","","","","","","552641000000","620238000000","713260000000","989822000000","955093000000","1163845000000","1155237000000","1350574000000","1775356000000","1768694000000","2166710000000","2384919000000","2815468000000","3355108000000","3811954000000","3888231000000","3851506000000","3712487000000","4220903000000","4396639000000","4718171000000","4951188000000","5437104000000","5681153000000","5735242000000","","","","","","","","","",
"Palau","PLW","Central government debt, total (current LCU)","GC.DOD.TOTL.CN","","","","","","","","","","","","","","","","","","","","","","","","","","","","","","","","","","","","","","","","","","","","","","","","","46769372","45481901","60899132","50703087","57924828","51346466","52870917","177991821","202718309","227998358","241445459","240221474","","","","",
"Papua New Guinea","PNG","Central government debt, total (current LCU)","GC.DOD.TOTL.CN","","","","","","","","","","","","","","","","","","","","","","","","","","","","","","","1505900000","1680600000","1894620000","2157400000","2961200000","3324200000","3780800000","4418000000","5177700000","5609200000","5621600000","7097300000","8127900000","","","","","","","","","","","","15365100000","17966880000","21944000000","23704200000","29121100000","33666850000","40168385513.6","48173112547.4733","53679857585.634","",
"Poland","POL","Central government debt, total (current LCU)","GC.DOD.TOTL.CN","","","","","","","","","","","","","","","","","","","","","","","","","","","","","","","","","","","","","","","250741000000","286480000000","311530000000","322131000000","395135000000","435766000000","460753000000","507474000000","547809000000","573461000000","649513000000","724882000000","814868000000","893221000000","984653000000","1010766000000","989713000000","1023902000000","1120562000000","1124386000000","1165892000000","1205882000000","1560946000000","1531969000000","1541953000000","",
"Pre-demographic dividend","PRE","Central government debt, total (current LCU)","GC.DOD.TOTL.CN","","","","","","","","","","","","","","","","","","","","","","","","","","","","","","","","","","","","","","","","","","","","","","","","","","","","","","","","","","","","","","","","",
"Puerto Rico","PRI","Central government debt, total (current LCU)","GC.DOD.TOTL.CN","","","","","","","","","","","","","","","","","","","","","","","","","","","","","","","","","","","","","","","","","","","","","","","","","","","","","","","","","","","","","","","","",
"Korea, Dem. People's Rep.","PRK","Central government debt, total (current LCU)","GC.DOD.TOTL.CN","","","","","","","","","","","","","","","","","","","","","","","","","","","","","","","","","","","","","","","","","","","","","","","","","","","","","","","","","","","","","","","","",
"Portugal","PRT","Central government debt, total (current LCU)","GC.DOD.TOTL.CN","","","","","","","","","","","","","","","","","","","","","","","","","","","","","","","","","","","","","","","75485610000","78358420000","81550350000","88964430000","96882140000","104681720000","116318590000","126007020000","130888560000","133647480000","144832370000","163523440000","181004910000","186333090000","229189550000","238770350000","263655250000","270845560000","274004610000","288978900000","288536890000","297699480000","323432200000","318007020000","289343590000","",
"Paraguay","PRY","Central government debt, total (current LCU)","GC.DOD.TOTL.CN","","","","","","","","","","","","","","","","","","","","","","","","","","","","","","","","","","","","","","","","","","","","","","","","","","","","","","","","","","","","","","","","",
"West Bank and Gaza","PSE","Central government debt, total (current LCU)","GC.DOD.TOTL.CN","","","","","","","","","","","","","","","","","","","","","","","","","","","","","","","","","","","","","","","","","","","","","","","","","","","","","","","","","","","","","","","","",
"Pacific island small states","PSS","Central government debt, total (current LCU)","GC.DOD.TOTL.CN","","","","","","","","","","","","","","","","","","","","","","","","","","","","","","","","","","","","","","","","","","","","","","","","","","","","","","","","","","","","","","","","",
"Post-demographic dividend","PST","Central government debt, total (current LCU)","GC.DOD.TOTL.CN","","","","","","","","","","","","","","","","","","","","","","","","","","","","","","","","","","","","","","","","","","","","","","","","","","","","","","","","","","","","","","","","",
"French Polynesia","PYF","Central government debt, total (current LCU)","GC.DOD.TOTL.CN","","","","","","","","","","","","","","","","","","","","","","","","","","","","","","","","","","","","","","","","","","","","","","","","","","","","","","","","","","","","","","","","",
"Qatar","QAT","Central government debt, total (current LCU)","GC.DOD.TOTL.CN","","","","","","","","","","","","","","","","","","","","","","","","","","","","","","","","","","","","","","","","","","","","","","","","","","","","","","","","","","","","","","","","",
"Romania","ROU","Central government debt, total (current LCU)","GC.DOD.TOTL.CN","","","","","","","","","","","","","","","","","","","","","","","","","","","","","","","","","","","","","","","10910860000","16543260000","22518900000","33481660000","42309830000","48087670000","52996060000","55517030000","55842310000","74979590000","98983830000","149879190000","184448320000","218719920000","250919510000","277164410000","309484720000","321855340000","355600130000","377498100000","408220750000","461280960000","611221100000","664855290000","707020360000","",
"Russian Federation","RUS","Central government debt, total (current LCU)","GC.DOD.TOTL.CN","","","","","","","","","","","","","","","","","","","","","","","","","","","","","","","","","","","","","","","","","","","4478706000000","","3984067107000","3561301700000","2602300000000","2364100000000","2674350000000","3371300000000","4209400000000","5187400000000","5815000000000","9003500000000","8830680336298.78","10221258428312.5","11128354000000","13429576000000","15099378000000","17098569000000","22760453000000","26071103000000","27285462000000","",
"Rwanda","RWA","Central government debt, total (current LCU)","GC.DOD.TOTL.CN","","","","","","","","","","","","","","","","","","","","","","","","","","","","","","","106297000000","114512000000","131613000000","","","","","","","","","","","","","","","","","","","","","","","","","","","","","","","",
"South Asia","SAS","Central government debt, total (current LCU)","GC.DOD.TOTL.CN","","","","","","","","","","","","","","","","","","","","","","","","","","","","","","","","","","","","","","","","","","","","","","","","","","","","","","","","","","","","","","","","",
"Saudi Arabia","SAU","Central government debt, total (current LCU)","GC.DOD.TOTL.CN","","","","","","","","","","","","","","","","","","","","","","","","","","","","","","","","","","","","","","","","","","","","","","","","","","","","","","","","","","","","","","","","",
"Sudan","SDN","Central government debt, total (current LCU)","GC.DOD.TOTL.CN","","","","","","","","","","","","","","","","","","","","","","","","","","","","","","","","","","","","","","","1777770000","2335910000","","","","","","","","","","","","","","","","","","","","","","","","",
"Senegal","SEN","Central government debt, total (current LCU)","GC.DOD.TOTL.CN","","","","","","","","","","","","","","","","","","","","","","","","","","","","","","","","","","","","","","","","","","","","","","","","","","","","","","","","","","","","","","","","",
"Singapore","SGP","Central government debt, total (current LCU)","GC.DOD.TOTL.CN","","","","","","","","","","","","","","","","","","","","","","","","","","","","","","","54882000000","62031000000","69535000000","71366000000","79106000000","90585000000","98758000000","106088000000","118509000000","128498000000","138870000000","151130000000","176191000000","184731000000","197892000000","202016000000","195628000000","210730000000","264107000000","300390000000","331720600000","368181500000","397638200000","382740000000","397391200000","437506000000","480707296111.6","518235000000","563056984601.82","657225559215.77","730858577430.16","875659916197.36","1081447125321.46","",
"Solomon Islands","SLB","Central government debt, total (current LCU)","GC.DOD.TOTL.CN","","","","","","","","","","","","","","","","","","","","","","","","","","","","","","","","","","","","","","","","","","","","","","","","","","","","1132179884.38","1010570901.49152","948875912.314414","858979631.76183","697458792.772927","686326347.948075","974080142.13","987382608.73","1024865155.67","1446400303.87","","1966400000","",
"Sierra Leone","SLE","Central government debt, total (current LCU)","GC.DOD.TOTL.CN","","","","","","","","","","","","","","","","","","","","","","","","","","","","","","","","","","","","","","","","","","","","","","","","","","","","","","","","","","","","","","","","",
"El Salvador","SLV","Central government debt, total (current LCU)","GC.DOD.TOTL.CN","","","","","","","","","","","","","","","","","","","","","","","","","","","","","","","","","","","","","","","","","","","","","","","","","","","","","","13601800000","11368956350.62","11886327421.77","12449273013.18","13607914057.02","13445800000","14363300000","17435500000","19162000000","","",
"San Marino","SMR","Central government debt, total (current LCU)","GC.DOD.TOTL.CN","","","","","","","","","","","","","","","","","","","","","","","","","","","","","","","","","","","","","","","","","","","211954419","406323040.2","519944721.45","658188411.69","815183980.98","802745428.18","829091574.8","777136379.28","880646641","663430214.57","686734423","600368804.3","670550496.32","722306607.69","754926236.18","724994594","787234279","752689408","1293645243","1489890412","1764785072.66","",
"Somalia","SOM","Central government debt, total (current LCU)","GC.DOD.TOTL.CN","","","","","","","","","","","","","","","","","","","","","","","","","","","","","","","","","","","","","","","","","","","","","","","","","","","","","","","","","","","","","","","","",
"Serbia","SRB","Central government debt, total (current LCU)","GC.DOD.TOTL.CN","","","","","","","","","","","","","","","","","","","","","","","","","","","","","","","","","","","","","","","","","","","","","","","","","","","","","","","","","","","","","","","","",
"Sub-Saharan Africa (excluding high income)","SSA","Central government debt, total (current LCU)","GC.DOD.TOTL.CN","","","","","","","","","","","","","","","","","","","","","","","","","","","","","","","","","","","","","","","","","","","","","","","","","","","","","","","","","","","","","","","","",
"South Sudan","SSD","Central government debt, total (current LCU)","GC.DOD.TOTL.CN","","","","","","","","","","","","","","","","","","","","","","","","","","","","","","","","","","","","","","","","","","","","","","","","","","","","","","","","","","","","","","","","",
"Sub-Saharan Africa","SSF","Central government debt, total (current LCU)","GC.DOD.TOTL.CN","","","","","","","","","","","","","","","","","","","","","","","","","","","","","","","","","","","","","","","","","","","","","","","","","","","","","","","","","","","","","","","","",
"Small states","SST","Central government debt, total (current LCU)","GC.DOD.TOTL.CN","","","","","","","","","","","","","","","","","","","","","","","","","","","","","","","","","","","","","","","","","","","","","","","","","","","","","","","","","","","","","","","","",
"Sao Tome and Principe","STP","Central government debt, total (current LCU)","GC.DOD.TOTL.CN","","","","","","","","","","","","","","","","","","","","","","","","","","","","","","","","","","","","","","","","","","","","","","","","","","","","","","","","","","","","","","","","",
"Suriname","SUR","Central government debt, total (current LCU)","GC.DOD.TOTL.CN","","","","","","","","","","","","","","","","","","","","","","","","","","","","","","","","","","","","","","","","","","","","","","","","","","","","","","","","","","","","","","","","",
"Slovak Republic","SVK","Central government debt, total (current LCU)","GC.DOD.TOTL.CN","","","","","","","","","","","","","","","","","","","","","","","","","","","","","","","","","","","","","","","9891739000","13559287000","17079389000","18340868000","17723343000","18944571000","20365661000","19494434000","20633804000","22101799000","23346644000","26948554000","31329393000","34873950000","43075795000","47087469000","50303190000","51949311000","53972981000","54488352000","57325207000","59596599000","73195492000","79034707000","70804330000","",
"Slovenia","SVN","Central government debt, total (current LCU)","GC.DOD.TOTL.CN","","","","","","","","","","","","","","","","","","","","","","","","","","","","","","","","","","","","","","","","5153610000","6026780000","6940410000","7992860000","8340360000","9284720000","9559980000","9920680000","10108290000","10878550000","15076440000","16493510000","18117500000","21610630000","28172510000","36452010000","38988420000","38572740000","37771770000","37801600000","40919810000","50540600000","48400860000","40988400000","",
"Sweden","SWE","Central government debt, total (current LCU)","GC.DOD.TOTL.CN","","","","","","","","","","","","","","","","","","","","","","","","","","","","","","","","530580000000","606260000000","828020000000","1016670000000","","1676329000000","1800895000000","1891679000000","1762661000000","1692408000000","1524015000000","1545301000000","1572928000000","1630114000000","1696196000000","1611793000000","1517200000000","1557543000000","1567792000000","1547429000000","1628525000000","1628626000000","1726683000000","1974585000000","2020925000000","2039217000000","2032635000000","2040670000000","1952715000000","2218168000000","2221750000000","2164870000000","",
"Eswatini","SWZ","Central government debt, total (current LCU)","GC.DOD.TOTL.CN","","","","","","","","","","","","","","","","","","","","","","","","","","","","","","","","","","","","","","","","2147700000","","","","","","","","","","","4138000000","4379500000","5168200000","","6654131000","8162180000","11249700000","13018942000","16671200000","19885121516.1","26122100000","25387283318.11","","",
"Sint Maarten (Dutch part)","SXM","Central government debt, total (current LCU)","GC.DOD.TOTL.CN","","","","","","","","","","","","","","","","","","","","","","","","","","","","","","","","","","","","","","","","","","","","","","","","","","","","","","","","","","","","","","","","",
"Seychelles","SYC","Central government debt, total (current LCU)","GC.DOD.TOTL.CN","","","","","","","","","","","","","","","","","","","","","","","","","","","","","","","","","","","","","","","","","","","","","","","","","16183269201.4966","11584387623.6164","8820117326.27988","10403900000","11345700000","8255589015","11784224932.45","11616521354","","","","","","","","",
"Syrian Arab Republic","SYR","Central government debt, total (current LCU)","GC.DOD.TOTL.CN","","","","","","","","","","","","","","","","","","","","","","","","","","","","","","","","","","","","","","","","","","","","","","","","","","","","","","","","","","","","","","","","",
"Turks and Caicos Islands","TCA","Central government debt, total (current LCU)","GC.DOD.TOTL.CN","","","","","","","","","","","","","","","","","","","","","","","","","","","","","","","","","","","","","","","","","","","","","","","","","","","","","","","","","","","","","","","","",
"Chad","TCD","Central government debt, total (current LCU)","GC.DOD.TOTL.CN","","","","","","","","","","","","","","","","","","","","","","","","","","","","","","","","","","","","","","","","","","","","","","","","","","","","","","","","","","","","","","","","",
"East Asia & Pacific (IDA & IBRD countries)","TEA","Central government debt, total (current LCU)","GC.DOD.TOTL.CN","","","","","","","","","","","","","","","","","","","","","","","","","","","","","","","","","","","","","","","","","","","","","","","","","","","","","","","","","","","","","","","","",
"Europe & Central Asia (IDA & IBRD countries)","TEC","Central government debt, total (current LCU)","GC.DOD.TOTL.CN","","","","","","","","","","","","","","","","","","","","","","","","","","","","","","","","","","","","","","","","","","","","","","","","","","","","","","","","","","","","","","","","",
"Togo","TGO","Central government debt, total (current LCU)","GC.DOD.TOTL.CN","","","","","","","","","","","","","","","","","","","","","","","","","","","","","","","","","","","","","","","","","","","","","","","","","","","","","","","","","","","","","","","","",
"Thailand","THA","Central government debt, total (current LCU)","GC.DOD.TOTL.CN","","","","","","","","","","","","","","","","","","","","","","","","","","","","","","","","","","","","","","","","","","","1734932660000","1708578930000","1696594440000","1938486520000","2048132380000","2086956260000","2179226650000","2586513290000","2907482392592","3180856116261","3515010840000","","","","","","","","","","","",
"Tajikistan","TJK","Central government debt, total (current LCU)","GC.DOD.TOTL.CN","","","","","","","","","","","","","","","","","","","","","","","","","","","","","","","","","","","","","","","","2038198000","2038198000","2046017000","","","","","","","","","","","","","","","","","","","","","","",
"Turkmenistan","TKM","Central government debt, total (current LCU)","GC.DOD.TOTL.CN","","","","","","","","","","","","","","","","","","","","","","","","","","","","","","","","","","","","","","","","","","","","","","","","","","","","","","","","","","","","","","","","",
"Latin America & the Caribbean (IDA & IBRD countries)","TLA","Central government debt, total (current LCU)","GC.DOD.TOTL.CN","","","","","","","","","","","","","","","","","","","","","","","","","","","","","","","","","","","","","","","","","","","","","","","","","","","","","","","","","","","","","","","","",
"Timor-Leste","TLS","Central government debt, total (current LCU)","GC.DOD.TOTL.CN","","","","","","","","","","","","","","","","","","","","","","","","","","","","","","","","","","","","","","","","","","","","","","","","","","","","","","","","","","","","","","","","",
"Middle East & North Africa (IDA & IBRD countries)","TMN","Central government debt, total (current LCU)","GC.DOD.TOTL.CN","","","","","","","","","","","","","","","","","","","","","","","","","","","","","","","","","","","","","","","","","","","","","","","","","","","","","","","","","","","","","","","","",
"Tonga","TON","Central government debt, total (current LCU)","GC.DOD.TOTL.CN","","","","","","","","","","","","","","","","","","","","","","","","","","","","","","","","","","","","","","","","","","","","","","","","","","","","","","383147251","378478931","434560042","460835620","463884525","522300687","494977339","504155080","","","",
"South Asia (IDA & IBRD)","TSA","Central government debt, total (current LCU)","GC.DOD.TOTL.CN","","","","","","","","","","","","","","","","","","","","","","","","","","","","","","","","","","","","","","","","","","","","","","","","","","","","","","","","","","","","","","","","",
"Sub-Saharan Africa (IDA & IBRD countries)","TSS","Central government debt, total (current LCU)","GC.DOD.TOTL.CN","","","","","","","","","","","","","","","","","","","","","","","","","","","","","","","","","","","","","","","","","","","","","","","","","","","","","","","","","","","","","","","","",
"Trinidad and Tobago","TTO","Central government debt, total (current LCU)","GC.DOD.TOTL.CN","","","","","","","","","","","","","","","","","","","","","","","","","","","","","","","","","","","","","","","","","","","","","","","19483500000","21813800000","","","","","","","","","","","","","","","","",
"Tunisia","TUN","Central government debt, total (current LCU)","GC.DOD.TOTL.CN","","","","","","","","","","","","","","","","","","","","","","","","","","","","","","","5923800000","7298200000","7606600000","8696600000","9335600000","9807900000","10543000000","13062900000","13476800000","15142500000","","","","","","","","","","","","","","","","","","","","","","","","",
"Turkiye","TUR","Central government debt, total (current LCU)","GC.DOD.TOTL.CN","","","","","","","","","","","","","","","","","","","","","","","","","","","","","","","","","","","","","","","","","","","","","","","","","424256823486.3","505506108807.018","549665124105.284","582326494600.557","631379741415.335","637958890504.286","710870219823.06","759454505982.342","877111189470.035","1036599675957.03","1201988161014.97","1584645882368.31","2180177666692.61","3159768263701.23","5417761645070.18","",
"Tuvalu","TUV","Central government debt, total (current LCU)","GC.DOD.TOTL.CN","","","","","","","","","","","","","","","","","","","","","","","","","","","","","","","","","","","","","","","","","","","","","","","","","","","","","","","","","","","","","","","","",
"Tanzania","TZA","Central government debt, total (current LCU)","GC.DOD.TOTL.CN","","","","","","","","","","","","","","","","","","","","","","","","","","","","","","","","","","","","","","","","","","","","","","","","","","","","","","","","","","","","","","","","",
"Uganda","UGA","Central government debt, total (current LCU)","GC.DOD.TOTL.CN","","","","","","","","","","","","","","","","","","","","","","","","","","","","","","","","","","","","","","","","","","","","","","","","","","","","","","","","","","","41776374850242","50824110408736","61722881770559","76087105572302","87706407271883","",
"Ukraine","UKR","Central government debt, total (current LCU)","GC.DOD.TOTL.CN","","","","","","","","","","","","","","","","","","","","","","","","","","","","","","","","","","","","","","","","79538900000","77020400000","74629700000","75729100000","77533477000","85401200000","78146613350","80548554650","88744701000","131084900000","227195700000","323475200000","357273400000","422534000000","491656000000","956710100000","1344616400000","1662922800000","1939735500000","1970204500000","1870093300000","2410109800000","","","",
"Upper middle income","UMC","Central government debt, total (current LCU)","GC.DOD.TOTL.CN","","","","","","","","","","","","","","","","","","","","","","","","","","","","","","","","","","","","","","","","","","","","","","","","","","","","","","","","","","","","","","","","",
"Uruguay","URY","Central government debt, total (current LCU)","GC.DOD.TOTL.CN","","","","","","","","","","","","","","","","","","","","","","","","","","","","","","","","","","","","","","","","","","113131956576.794","275487945918.986","358761640985.965","335594169650.77","323499190086.652","325300677045.172","321492496813.792","364210941923.286","351744412459.28","357028848500.404","419570641125.645","451114329042.417","502495000000","588693839403.879","743250080728.096","803336755379.777","837629260412.063","966830682690.83","1131410706944.3","1406632238150.05","","","",
"United States","USA","Central government debt, total (current LCU)","GC.DOD.TOTL.CN","","","","","","","","","","","","","","","","","","","","","","","","","","","","","","2207460000000","2440950000000","2713370000000","3002620000000","3308990000000","3450760000000","3606690000000","3773520000000","3784200000000","3727460000000","3633580000000","3410250000000","5549553000000","5886695000000","6444295000000","6922541000000","7372213000000","7663138000000","8056344000000","9425404000000","10980461000000","12786264000000","13969060000000","15221725000000","16091090000000","16807707000000","17555195000000","18415451000000","19027982000000","20336293000000","21547015000000","26596793000000","28050590000000","28417719000000","",
"Uzbekistan","UZB","Central government debt, total (current LCU)","GC.DOD.TOTL.CN","","","","","","","","","","","","","","","","","","","","","","","","","","","","","","","","","","","","","","","","","","","","","","","","","","","","","","","","","","","","","","","","",
"St. Vincent and the Grenadines","VCT","Central government debt, total (current LCU)","GC.DOD.TOTL.CN","","","","","","","","","","","","","","","","","","","","","","","","","","","","","","","204600000","217300000","252400000","314700000","338100000","369900000","372400000","369800000","403900000","548000000","553600000","567800000","652600000","721400000","836100000","849800000","891600000","845000000","860800000","1035630000","","","","","","","","","","","","","","",
"Venezuela, RB","VEN","Central government debt, total (current LCU)","GC.DOD.TOTL.CN","","","","","","","","","","","","","","","","","","","","","","","","","","","","","","","","","","","","","","","","","","","","","","","","","","","","","","","","","","","","","","","","",
"British Virgin Islands","VGB","Central government debt, total (current LCU)","GC.DOD.TOTL.CN","","","","","","","","","","","","","","","","","","","","","","","","","","","","","","","","","","","","","","","","","","","","","","","","","","","","","","","","","","","","","","","","",
"Virgin Islands (U.S.)","VIR","Central government debt, total (current LCU)","GC.DOD.TOTL.CN","","","","","","","","","","","","","","","","","","","","","","","","","","","","","","","","","","","","","","","","","","","","","","","","","","","","","","","","","","","","","","","","",
"Viet Nam","VNM","Central government debt, total (current LCU)","GC.DOD.TOTL.CN","","","","","","","","","","","","","","","","","","","","","","","","","","","","","","","","","","","","","","","","","","","","","","","","","","","","","","","","","","","","","","","","",
"Vanuatu","VUT","Central government debt, total (current LCU)","GC.DOD.TOTL.CN","","","","","","","","","","","","","","","","","","","","","","","","","","","","","","","4629300000","","","","","6760000000","6523000000","7381000000","9500000000","9445000000","","","","","","","","","","","","","","","","","","","","","","90575000000","","",
"World","WLD","Central government debt, total (current LCU)","GC.DOD.TOTL.CN","","","","","","","","","","","","","","","","","","","","","","","","","","","","","","","","","","","","","","","","","","","","","","","","","","","","","","","","","","","","","","","","",
"Samoa","WSM","Central government debt, total (current LCU)","GC.DOD.TOTL.CN","","","","","","","","","","","","","","","","","","","","","","","","","","","","","","","","","","","","","","","","","","","","","","","","","","","","","","","","","","","","","","","","",
"Kosovo","XKX","Central government debt, total (current LCU)","GC.DOD.TOTL.CN","","","","","","","","","","","","","","","","","","","","","","","","","","","","","","","","","","","","","","","","","","","","","","","","","","","","","","","","","","","","","","","","",
"Yemen, Rep.","YEM","Central government debt, total (current LCU)","GC.DOD.TOTL.CN","","","","","","","","","","","","","","","","","","","","","","","","","","","","","","","","","","","","","","","","","","","","","","","","","","","","","","","","","","","","","","","","",
"South Africa","ZAF","Central government debt, total (current LCU)","GC.DOD.TOTL.CN","","","","","","","","","","","","","","","","","","","","","","","","","","","","","","","","","","","","","","","","","","","","","","","","","","","","","","","","2152211667119.75","2366748626286.5","2634833706822.5","2937030704706","3415281995931","4014312363062.6","4378799231071","4839051960917.4","",
"Zambia","ZMB","Central government debt, total (current LCU)","GC.DOD.TOTL.CN","","","","","","","","","","","","","","","","","","","","","","","","","","","","","","","276980900","605781500","938076200","2397867200","3652300000","5108200000","7644500000","8489100000","10621200000","","","","","","","","","","","","16839265947.337","20582251336.0028","30834351310.38","36658412577.87","74164628681.67","90603687636.18","100340554370.97","128742864899.53","164312808917.16","186068249736.33","344509653199.69","315877936572.04","","",
"Zimbabwe","ZWE","Central government debt, total (current LCU)","GC.DOD.TOTL.CN","","","","","","","","","","","","","","","","","","","","","","","","","","","","","","","","","","","","","","","","","","","","","","","","","","","","","","","","","","","","","","","","",
